CREATE TABLE t1 (id INT PRIMARY KEY) ENGINE=InnoDB;
INSERT INTO t1 VALUES (1);
CREATE TABLE t2 (id INT) ENGINE=InnoDB;
INSERT INTO t2 VALUES (1);
INSERT INTO t2 VALUES (1);
SELECT COUNT(*) = 1 FROM t1;
COUNT(*) = 1
1
SELECT COUNT(*) = 2 FROM t2;
COUNT(*) = 2
1
ALTER TABLE t1 ADD COLUMN f2 INTEGER;
include/show_binlog_events.inc
Log_name	Pos	Event_type	Server_id	End_log_pos	Info
mysqld-bin.#	#	Gtid	#	#	GTID #-#-#
mysqld-bin.#	#	Query	#	#	use `test`; CREATE TABLE t1 (id INT PRIMARY KEY) ENGINE=InnoDB
mysqld-bin.#	#	Gtid	#	#	BEGIN GTID #-#-#
mysqld-bin.#	#	Table_map	#	#	table_id: # (test.t1)
mysqld-bin.#	#	Write_rows_v1	#	#	table_id: # flags: STMT_END_F
mysqld-bin.#	#	Xid	#	#	COMMIT /* XID */
mysqld-bin.#	#	Gtid	#	#	GTID #-#-#
mysqld-bin.#	#	Query	#	#	use `test`; CREATE TABLE t2 (id INT) ENGINE=InnoDB
mysqld-bin.#	#	Gtid	#	#	BEGIN GTID #-#-#
mysqld-bin.#	#	Table_map	#	#	table_id: # (test.t2)
mysqld-bin.#	#	Write_rows_v1	#	#	table_id: # flags: STMT_END_F
mysqld-bin.#	#	Xid	#	#	COMMIT /* XID */
mysqld-bin.#	#	Gtid	#	#	BEGIN GTID #-#-#
mysqld-bin.#	#	Table_map	#	#	table_id: # (test.t2)
mysqld-bin.#	#	Write_rows_v1	#	#	table_id: # flags: STMT_END_F
mysqld-bin.#	#	Xid	#	#	COMMIT /* XID */
mysqld-bin.#	#	Gtid	#	#	GTID #-#-#
mysqld-bin.#	#	Query	#	#	use `test`; ALTER TABLE t1 ADD COLUMN f2 INTEGER
include/show_binlog_events.inc
Log_name	Pos	Event_type	Server_id	End_log_pos	Info
mysqld-bin.#	#	Gtid	#	#	GTID #-#-#
mysqld-bin.#	#	Query	#	#	use `test`; CREATE TABLE t1 (id INT PRIMARY KEY) ENGINE=InnoDB
mysqld-bin.#	#	Gtid	#	#	BEGIN GTID #-#-#
mysqld-bin.#	#	Table_map	#	#	table_id: # (test.t1)
mysqld-bin.#	#	Write_rows_v1	#	#	table_id: # flags: STMT_END_F
mysqld-bin.#	#	Xid	#	#	COMMIT /* XID */
mysqld-bin.#	#	Gtid	#	#	GTID #-#-#
mysqld-bin.#	#	Query	#	#	use `test`; CREATE TABLE t2 (id INT) ENGINE=InnoDB
mysqld-bin.#	#	Gtid	#	#	BEGIN GTID #-#-#
mysqld-bin.#	#	Table_map	#	#	table_id: # (test.t2)
mysqld-bin.#	#	Write_rows_v1	#	#	table_id: # flags: STMT_END_F
mysqld-bin.#	#	Xid	#	#	COMMIT /* XID */
mysqld-bin.#	#	Gtid	#	#	BEGIN GTID #-#-#
mysqld-bin.#	#	Table_map	#	#	table_id: # (test.t2)
mysqld-bin.#	#	Write_rows_v1	#	#	table_id: # flags: STMT_END_F
mysqld-bin.#	#	Xid	#	#	COMMIT /* XID */
mysqld-bin.#	#	Gtid	#	#	GTID #-#-#
mysqld-bin.#	#	Query	#	#	use `test`; ALTER TABLE t1 ADD COLUMN f2 INTEGER
DROP TABLE t1;
DROP TABLE t2;
RESET MASTER;
RESET MASTER;
